id,name,productType,image,description,color,quantity,size,price,,,,,,,,,,
1,Bracelet,Jewelry,https://live.staticflickr.com/65535/53141436793_15e6a62821.jpg,"EverUse collects and upcycles used climbing rope into high-quality crafts and products. As two fellow rock climbers, we are passionate about both the sport and planet.",moss,10,small,20.00,,,,,,,,,,
2,Bracelet,Jewelry,https://live.staticflickr.com/65535/53141436793_15e6a62821.jpg,"EverUse collects and upcycles used climbing rope into high-quality crafts and products. As two fellow rock climbers, we are passionate about both the sport and planet.",moss,10,medium,20.00,,,,,,,,,,
3,Bracelet,Jewelry,https://live.staticflickr.com/65535/53141436793_15e6a62821.jpg,"EverUse collects and upcycles used climbing rope into high-quality crafts and products. As two fellow rock climbers, we are passionate about both the sport and planet.",moss,10,large,20.00,,,,,,,,,,
4,Bracelet,Jewelry,https://live.staticflickr.com/65535/53141436793_15e6a62821.jpg,"EverUse collects and upcycles used climbing rope into high-quality crafts and products. As two fellow rock climbers, we are passionate about both the sport and planet.",orangePlaid,10,small,20.00,,,,,,,,,,
5,Bracelet,Jewelry,https://live.staticflickr.com/65535/53141436793_15e6a62821.jpg,"EverUse collects and upcycles used climbing rope into high-quality crafts and products. As two fellow rock climbers, we are passionate about both the sport and planet.",orangePlaid,10,medium,20.00,,,,,,,,,,
6,Bracelet,Jewelry,https://live.staticflickr.com/65535/53141436793_15e6a62821.jpg,"EverUse collects and upcycles used climbing rope into high-quality crafts and products. As two fellow rock climbers, we are passionate about both the sport and planet.",orangePlaid,10,large,20.00,,,,,,,,,,
7,Bracelet,Jewelry,https://live.staticflickr.com/65535/53141436793_15e6a62821.jpg,"EverUse collects and upcycles used climbing rope into high-quality crafts and products. As two fellow rock climbers, we are passionate about both the sport and planet.",bluePlaid,10,small,20.00,,,,,,,,,,
8,Bracelet,Jewelry,https://live.staticflickr.com/65535/53141436793_15e6a62821.jpg,"EverUse collects and upcycles used climbing rope into high-quality crafts and products. As two fellow rock climbers, we are passionate about both the sport and planet.",bluePlaid,10,medium,20.00,,,,,,,,,,
9,Bracelet,Jewelry,https://live.staticflickr.com/65535/53141436793_15e6a62821.jpg,"EverUse collects and upcycles used climbing rope into high-quality crafts and products. As two fellow rock climbers, we are passionate about both the sport and planet.",bluePlaid,10,large,20.00,,,,,,,,,,
10,Bracelet,Jewelry,https://live.staticflickr.com/65535/53141436793_15e6a62821.jpg,"EverUse collects and upcycles used climbing rope into high-quality crafts and products. As two fellow rock climbers, we are passionate about both the sport and planet.",lime,10,small,20.00,,,,,,,,,,
11,Bracelet,Jewelry,https://live.staticflickr.com/65535/53141436793_15e6a62821.jpg,"EverUse collects and upcycles used climbing rope into high-quality crafts and products. As two fellow rock climbers, we are passionate about both the sport and planet.",lime,10,medium,20.00,,,,,,,,,,
12,Bracelet,Jewelry,https://live.staticflickr.com/65535/53141436793_15e6a62821.jpg,"EverUse collects and upcycles used climbing rope into high-quality crafts and products. As two fellow rock climbers, we are passionate about both the sport and planet.",lime,10,large,20.00,,,,,,,,,,
13,Keychain,Jewelry,https://live.staticflickr.com/65535/53141442333_7cff3f30a6.jpg,"EverUse collects and upcycles used climbing rope into high-quality crafts and products. As two fellow rock climbers, we are passionate about both the sport and planet.",moss,10,onesize,15.00,,,,,,,,,,
14,Keychain,Jewelry,https://live.staticflickr.com/65535/53141442333_7cff3f30a6.jpg,"EverUse collects and upcycles used climbing rope into high-quality crafts and products. As two fellow rock climbers, we are passionate about both the sport and planet.",orangePlaid,10,onesize,15.00,,,,,,,,,,
15,Keychain,Jewelry,https://live.staticflickr.com/65535/53141442333_7cff3f30a6.jpg,"EverUse collects and upcycles used climbing rope into high-quality crafts and products. As two fellow rock climbers, we are passionate about both the sport and planet.",bluePlaid,10,onesize,15.00,,,,,,,,,,
16,Keychain,Jewelry,https://live.staticflickr.com/65535/53141442333_7cff3f30a6.jpg,"EverUse collects and upcycles used climbing rope into high-quality crafts and products. As two fellow rock climbers, we are passionate about both the sport and planet.",lime,10,onesize,15.00,,,,,,,,,,
17,Beer Koozie,Soft Goods,https://live.staticflickr.com/65535/53141175634_e2fc6ee6ee.jpg,"EverUse collects and upcycles used climbing rope into high-quality crafts and products. As two fellow rock climbers, we are passionate about both the sport and planet.",moss,10,normal,25.00,,,,,,,,,,
18,Beer Koozie,Soft Goods,https://live.staticflickr.com/65535/53141175634_e2fc6ee6ee.jpg,"EverUse collects and upcycles used climbing rope into high-quality crafts and products. As two fellow rock climbers, we are passionate about both the sport and planet.",moss,10,slim,25.00,,,,,,,,,,
19,Beer Koozie,Soft Goods,https://live.staticflickr.com/65535/53141175634_e2fc6ee6ee.jpg,"EverUse collects and upcycles used climbing rope into high-quality crafts and products. As two fellow rock climbers, we are passionate about both the sport and planet.",orangePlaid,10,normal,25.00,,,,,,,,,,
20,Beer Koozie,Soft Goods,https://live.staticflickr.com/65535/53141175634_e2fc6ee6ee.jpg,"EverUse collects and upcycles used climbing rope into high-quality crafts and products. As two fellow rock climbers, we are passionate about both the sport and planet.",orangePlaid,10,slim,25.00,,,,,,,,,,
21,Beer Koozie,Soft Goods,https://live.staticflickr.com/65535/53141175634_e2fc6ee6ee.jpg,"EverUse collects and upcycles used climbing rope into high-quality crafts and products. As two fellow rock climbers, we are passionate about both the sport and planet.",bluePlaid,10,normal,25.00,,,,,,,,,,
22,Beer Koozie,Soft Goods,https://live.staticflickr.com/65535/53141175634_e2fc6ee6ee.jpg,"EverUse collects and upcycles used climbing rope into high-quality crafts and products. As two fellow rock climbers, we are passionate about both the sport and planet.",bluePlaid,10,slim,25.00,,,,,,,,,,
23,Beer Koozie,Soft Goods,https://live.staticflickr.com/65535/53141175634_e2fc6ee6ee.jpg,"EverUse collects and upcycles used climbing rope into high-quality crafts and products. As two fellow rock climbers, we are passionate about both the sport and planet.",lime,10,normal,25.00,,,,,,,,,,
24,Beer Koozie,Soft Goods,https://live.staticflickr.com/65535/53141175634_e2fc6ee6ee.jpg,"EverUse collects and upcycles used climbing rope into high-quality crafts and products. As two fellow rock climbers, we are passionate about both the sport and planet.",lime,10,slim,25.00,,,,,,,,,,
25,Basket,Soft Goods,https://live.staticflickr.com/65535/53141442328_c4bd1e96f5.jpg,"EverUse collects and upcycles used climbing rope into high-quality crafts and products. As two fellow rock climbers, we are passionate about both the sport and planet.",moss,10,onesize,30.00,,,,,,,,,"Normal, Slim",25.00
26,Basket,Soft Goods,https://live.staticflickr.com/65535/53141442328_c4bd1e96f5.jpg,"EverUse collects and upcycles used climbing rope into high-quality crafts and products. As two fellow rock climbers, we are passionate about both the sport and planet.",orangePlaid,10,onesize,30.00,,,,,,,,,One Size Fit All,30.00
27,Basket,Soft Goods,https://live.staticflickr.com/65535/53141442328_c4bd1e96f5.jpg,"EverUse collects and upcycles used climbing rope into high-quality crafts and products. As two fellow rock climbers, we are passionate about both the sport and planet.",bluePlaid,10,onesize,30.00,,,,,,,,,One Size Fit All,30.00
28,Basket,Soft Goods,https://live.staticflickr.com/65535/53141442328_c4bd1e96f5.jpg,"EverUse collects and upcycles used climbing rope into high-quality crafts and products. As two fellow rock climbers, we are passionate about both the sport and planet.",lime,10,onesize,30.00,,,,,,,,,,
29,Dog Leash,Soft Goods,https://live.staticflickr.com/65535/53141442338_6cc0cceeed.jpg,"EverUse collects and upcycles used climbing rope into high-quality crafts and products. As two fellow rock climbers, we are passionate about both the sport and planet.",moss,10,onesize,30.00,,,,,,,,,,
30,Dog Leash,Soft Goods,https://live.staticflickr.com/65535/53141442338_6cc0cceeed.jpg,"EverUse collects and upcycles used climbing rope into high-quality crafts and products. As two fellow rock climbers, we are passionate about both the sport and planet.",orangePlaid,10,onesize,30.00,,,,,,,,,,
31,Dog Leash,Soft Goods,https://live.staticflickr.com/65535/53141442338_6cc0cceeed.jpg,"EverUse collects and upcycles used climbing rope into high-quality crafts and products. As two fellow rock climbers, we are passionate about both the sport and planet.",bluePlaid,10,onesize,30.00,,,,,,,,,,
32,Dog Leash,Soft Goods,https://live.staticflickr.com/65535/53141442338_6cc0cceeed.jpg,"EverUse collects and upcycles used climbing rope into high-quality crafts and products. As two fellow rock climbers, we are passionate about both the sport and planet.",lime,10,onesize,30.00,,,,,,,,,,